{"cameraMode":{"drawMode":0,"name":"Shaded","section":"Shading Mode"},"sceneLighting":true,"audioPlay":false,"sceneViewState":{"m_AlwaysRefresh":false,"showFog":true,"showSkybox":true,"showFlares":true,"showImageEffects":true,"showParticleSystems":true,"showVisualEffectGraphs":true,"m_FxEnabled":true},"in2DMode":false,"pivot":{"x":2.0536255836486818,"y":0.8589755296707153,"z":-7.627362251281738},"rotation":{"x":-0.29565533995628359,"y":0.2734452486038208,"z":-0.08874254673719406,"w":-0.9110183119773865},"size":1.3699198961257935,"orthographic":false}