{"cameraMode":{"drawMode":0,"name":"Shaded","section":"Shading Mode"},"sceneLighting":true,"audioPlay":false,"sceneViewState":{"m_AlwaysRefresh":false,"showFog":true,"showSkybox":true,"showFlares":true,"showImageEffects":true,"showParticleSystems":true,"showVisualEffectGraphs":true,"m_FxEnabled":true},"in2DMode":false,"pivot":{"x":-0.9732256531715393,"y":1.8299998044967652,"z":-4.876795768737793},"rotation":{"x":-0.29565533995628359,"y":0.2734452486038208,"z":-0.08874254673719406,"w":-0.9110183119773865},"size":0.1263558715581894,"orthographic":false}