{"cameraMode":{"drawMode":0,"name":"Shaded","section":"Shading Mode"},"sceneLighting":true,"audioPlay":false,"sceneViewState":{"m_AlwaysRefresh":false,"showFog":true,"showSkybox":true,"showFlares":true,"showImageEffects":true,"showParticleSystems":true,"showVisualEffectGraphs":true,"m_FxEnabled":true},"in2DMode":false,"pivot":{"x":2.1124396324157717,"y":0.9552241563796997,"z":0.7226043939590454},"rotation":{"x":-0.32566818594932558,"y":0.021835729479789735,"z":-0.00752395112067461,"w":-0.94520503282547},"size":10.766029357910157,"orthographic":false}