{"cameraMode":{"drawMode":0,"name":"Shaded","section":"Shading Mode"},"sceneLighting":false,"audioPlay":false,"sceneViewState":{"m_AlwaysRefresh":false,"showFog":true,"showSkybox":false,"showFlares":true,"showImageEffects":true,"showParticleSystems":true,"showVisualEffectGraphs":true,"m_FxEnabled":true},"in2DMode":false,"pivot":{"x":-0.41245943307876589,"y":2.179401397705078,"z":-3.1029152870178224},"rotation":{"x":-0.0025924507062882187,"y":0.986971378326416,"z":0.01598089374601841,"w":0.1600877046585083},"size":3.3977458477020265,"orthographic":false}