{"cameraMode":{"drawMode":0,"name":"Shaded","section":"Shading Mode"},"sceneLighting":false,"audioPlay":false,"sceneViewState":{"m_AlwaysRefresh":false,"showFog":true,"showSkybox":false,"showFlares":true,"showImageEffects":true,"showParticleSystems":true,"showVisualEffectGraphs":true,"m_FxEnabled":true},"in2DMode":false,"pivot":{"x":-0.27386796474456789,"y":0.8267269134521484,"z":-0.9436302781105042},"rotation":{"x":0.03210222348570824,"y":0.9677878022193909,"z":-0.18392740190029145,"w":0.16891959309577943},"size":2.0900094509124758,"orthographic":false}